peliculas,3063,Anime
peliculas,1492,Ciencia ficción y fantásticas
peliculas,31574,Clásicas
peliculas,6548,Comedias
peliculas,2243108,Documentales
peliculas,5763,Dramas
peliculas,58741,Españolas
peliculas,78367,Extranjeras
peliculas,7077,Independientes
peliculas,52852,Música y musicales
peliculas,783,Para toda la familia
peliculas,89844,Premiadas
peliculas,8883,Románticas
peliculas,8711,Terror
peliculas,8933,Thrillers
series,6721,Anime
series,52117,Británicas
series,1372,Ciencia ficción y fantásticas
series,10375,Comedias
series,10105,Docuseries
series,11714,Dramas
series,1193084,Españolas
series,72404,Estadounidenses
series,1195213,Extranjeras
series,27346,Infantiles
series,60951,Juveniles
series,11559,Monólogos de humoristas
series,26146,Policiacas
series,2070390,Realities y talk shows
series,26156,Románticas
